,Регион,Год,Выделенный бюджет на защиту экологии
0,Республика Казахстан,2005.0,43558237.5
16,г. Алматы,2005.0,747845.8
15,г. Астана,2005.0,85607.8
14,Восточно-Казахстанская,2005.0,3493976.9
13,Северо-Казахстанская,2005.0,179980.0
11,Южно-Казахстанская,2005.0,862982.8
10,Мангистауская,2005.0,10894270.3
9,Кызылординская,2005.0,856102.6
12,Павлодарская,2005.0,4938780.1
7,Карагандинская,2005.0,5363153.5
6,Жамбылская,2005.0,683472.8
5,Западно-Казахстанская,2005.0,359934.5
4,Атырауская,2005.0,5631372.2
3,Алматинская,2005.0,306336.6
2,Актюбинская,2005.0,4741222.0
1,Акмолинская,2005.0,324101.6
8,Костанайская,2005.0,4089098.0
26,Кызылординская,2006.0,883379.3
33,г. Алматы,2006.0,1090102.1
32,г. Астана,2006.0,122786.7
31,Восточно-Казахстанская,2006.0,4990306.9
30,Северо-Казахстанская,2006.0,213584.4
28,Южно-Казахстанская,2006.0,1033019.5
27,Мангистауская,2006.0,19103499.2
25,Костанайская,2006.0,7071751.2
29,Павлодарская,2006.0,5967055.6
23,Жамбылская,2006.0,601426.4
22,Западно-Казахстанская,2006.0,247483.2
21,Атырауская,2006.0,3345944.6
20,Алматинская,2006.0,374943.2
19,Актюбинская,2006.0,3052725.3
18,Акмолинская,2006.0,387532.8
17,Республика Казахстан,2006.0,56320118.6
24,Карагандинская,2006.0,7834578.2
50,г. Алматы,2007.0,1663171.6
49,г. Астана,2007.0,148297.2
48,Восточно-Казахстанская,2007.0,6431564.9
47,Северо-Казахстанская,2007.0,221017.0
46,Павлодарская,2007.0,6857608.4
45,Южно-Казахстанская,2007.0,1206855.0
44,Мангистауская,2007.0,14890999.1
43,Кызылординская,2007.0,1210163.4
42,Костанайская,2007.0,5607060.4
40,Жамбылская,2007.0,578236.0
39,Западно-Казахстанская,2007.0,271769.5
38,Атырауская,2007.0,5059147.8
37,Алматинская,2007.0,379405.0
36,Актюбинская,2007.0,3998799.0
35,Акмолинская,2007.0,304445.6
34,Республика Казахстан,2007.0,58725515.7
41,Карагандинская,2007.0,9896975.8
60,Кызылординская,2008.0,2375655.4
67,г. Алматы,2008.0,2004797.4
66,г. Астана,2008.0,203789.1
65,Восточно-Казахстанская,2008.0,7444821.7
64,Северо-Казахстанская,2008.0,269618.7
62,Южно-Казахстанская,2008.0,2049136.3
61,Мангистауская,2008.0,19448415.0
59,Костанайская,2008.0,7741960.4
63,Павлодарская,2008.0,11254772.8
57,Жамбылская,2008.0,1549210.8
51,Республика Казахстан,2008.0,91288342.3
52,Акмолинская,2008.0,561891.6
53,Актюбинская,2008.0,8159835.4
58,Карагандинская,2008.0,14610451.5
55,Атырауская,2008.0,12747951.3
56,Западно-Казахстанская,2008.0,483869.7
54,Алматинская,2008.0,382165.2
78,Мангистауская,2009.0,20806712.7
84,г. Алматы,2009.0,1897770.7
83,г. Астана,2009.0,235735.0
82,Восточно-Казахстанская,2009.0,6166373.6
81,Северо-Казахстанская,2009.0,344665.6
80,Павлодарская,2009.0,17750092.4
79,Южно-Казахстанская,2009.0,2459243.5
77,Кызылординская,2009.0,1722275.1
76,Костанайская,2009.0,8494718.6
75,Карагандинская,2009.0,12605449.2
74,Жамбылская,2009.0,700728.8
73,Западно-Казахстанская,2009.0,784754.0
72,Атырауская,2009.0,16304702.4
71,Алматинская,2009.0,428513.7
70,Актюбинская,2009.0,9092693.3
69,Акмолинская,2009.0,2533459.1
68,Республика Казахстан,2009.0,102327887.7
100,г. Астана,2010.0,267160.3
99,Восточно-Казахстанская,2010.0,7547966.1
98,Северо-Казахстанская,2010.0,397164.3
97,Павлодарская,2010.0,12250777.5
96,Южно-Казахстанская,2010.0,1618764.1
95,Мангистауская,2010.0,13362578.1
94,Кызылординская,2010.0,3074167.2
101,г. Алматы,2010.0,2273175.0
93,Костанайская,2010.0,8892823.1
91,Жамбылская,2010.0,816227.2
90,Западно-Казахстанская,2010.0,551627.3
89,Атырауская,2010.0,23756113.5
88,Алматинская,2010.0,1370813.7
87,Актюбинская,2010.0,10075431.8
86,Акмолинская,2010.0,549875.1
85,Республика Казахстан,2010.0,99652578.5
92,Карагандинская,2010.0,12847914.2
118,г. Алматы,2011.0,2478907.5
117,г. Астана,2011.0,381524.7
116,Восточно-Казахстанская,2011.0,9285216.7
115,Северо-Казахстанская,2011.0,387357.3
114,Павлодарская,2011.0,17152414.3
113,Южно-Казахстанская,2011.0,2137721.7
112,Мангистауская,2011.0,5209300.5
111,Кызылординская,2011.0,2137681.1
110,Костанайская,2011.0,13823375.0
108,Жамбылская,2011.0,1880074.1
107,Западно-Казахстанская,2011.0,997790.7
106,Атырауская,2011.0,18777275.1
105,Алматинская,2011.0,1151949.7
104,Актюбинская,2011.0,9709326.2
103,Акмолинская,2011.0,255417.8
102,Республика Казахстан,2011.0,99212904.8
109,Карагандинская,2011.0,13447572.4
128,Кызылординская,2012.0,2222130.8
135,г. Алматы,2012.0,2765772.3
134,г. Астана,2012.0,688235.3
133,Восточно-Казахстанская,2012.0,12720199.6
131,Павлодарская,2012.0,17926522.1
130,Южно-Казахстанская,2012.0,3329249.5
129,Мангистауская,2012.0,5183970.4
127,Костанайская,2012.0,12263054.4
132,Северо-Казахстанская,2012.0,329649.7
125,Жамбылская,2012.0,2388344.1
119,Республика Казахстан,2012.0,109437909.5
120,Акмолинская,2012.0,565894.4
121,Актюбинская,2012.0,12864658.9
126,Карагандинская,2012.0,15559884.7
122,Алматинская,2012.0,526383.1
123,Атырауская,2012.0,18550999.4
124,Западно-Казахстанская,2012.0,1552960.8
152,г. Алматы,2013.0,2917764.5
151,г. Астана,2013.0,1302260.8
150,Восточно-Казахстанская,2013.0,11771254.5
149,Северо-Казахстанская,2013.0,569774.2
148,Павлодарская,2013.0,15689739.4
147,Южно-Казахстанская,2013.0,3860220.0
145,Кызылординская,2013.0,1753972.7
146,Мангистауская,2013.0,6870385.8
136,Республика Казахстан,2013.0,129093789.0
143,Карагандинская,2013.0,16798313.1
137,Акмолинская,2013.0,694258.9
138,Актюбинская,2013.0,12063443.5
139,Алматинская,2013.0,1623377.1
144,Костанайская,2013.0,12877799.3
141,Западно-Казахстанская,2013.0,6450298.1
142,Жамбылская,2013.0,1780233.5
140,Атырауская,2013.0,32070693.6
169,г. Алматы,2014.0,3664194.0
168,г. Астана,2014.0,992053.0
167,Восточно-Казахстанская,2014.0,13316733.0
166,Северо-Казахстанская,2014.0,772392.0
165,Павлодарская,2014.0,16265835.0
164,Южно-Казахстанская,2014.0,4045632.0
163,Мангистауская,2014.0,14651455.0
162,Кызылординская,2014.0,2428958.0
161,Костанайская,2014.0,16572796.0
159,Жамбылская,2014.0,2181832.0
158,Западно-Казахстанская,2014.0,4964179.0
157,Атырауская,2014.0,25159288.0
156,Алматинская,2014.0,1608070.0
155,Актюбинская,2014.0,16382464.0
154,Акмолинская,2014.0,604221.0
153,Республика Казахстан,2014.0,140578609.0
160,Карагандинская,2014.0,16968507.0
186,г. Алматы,2015.0,3393266.0
185,г. Астана,2015.0,1584670.0
184,Восточно-Казахстанская,2015.0,15838119.0
183,Северо-Казахстанская,2015.0,1864711.0
182,Павлодарская,2015.0,16696011.0
181,Южно-Казахстанская,2015.0,4988206.0
180,Мангистауская,2015.0,29093197.0
179,Кызылординская,2015.0,2904693.0
178,Костанайская,2015.0,5171019.0
176,Жамбылская,2015.0,3245330.0
175,Западно-Казахстанская,2015.0,3793821.0
174,Атырауская,2015.0,40254371.0
173,Алматинская,2015.0,2431904.0
172,Актюбинская,2015.0,18308916.0
171,Акмолинская,2015.0,1200707.0
170,Республика Казахстан,2015.0,174650049.0
177,Карагандинская,2015.0,23881108.0
203,г. Алматы,2016.0,2781349.0
202,г. Астана,2016.0,2424693.0
201,Восточно-Казахстанская,2016.0,15063348.0
200,Северо-Казахстанская,2016.0,1994908.0
199,Павлодарская,2016.0,19015796.0
198,Южно-Казахстанская,2016.0,5461879.0
197,Мангистауская,2016.0,18427462.0
195,Костанайская,2016.0,8303476.0
196,Кызылординская,2016.0,2708568.0
193,Жамбылская,2016.0,3599495.0
187,Республика Казахстан,2016.0,152205626.0
188,Акмолинская,2016.0,2128605.0
189,Актюбинская,2016.0,17711122.0
194,Карагандинская,2016.0,17040221.0
191,Атырауская,2016.0,26218442.0
192,Западно-Казахстанская,2016.0,7533073.0
190,Алматинская,2016.0,1793189.0
220,г. Алматы,2017.0,3314767.0
219,г. Астана,2017.0,2211120.0
218,Восточно-Казахстанская,2017.0,17783490.0
217,Северо-Казахстанская,2017.0,2488085.0
216,Павлодарская,2017.0,22983128.0
215,Южно-Казахстанская,2017.0,5911514.0
213,Кызылординская,2017.0,2401904.0
214,Мангистауская,2017.0,14265688.0
212,Костанайская,2017.0,6946069.0
210,Жамбылская,2017.0,3424138.0
209,Западно-Казахстанская,2017.0,10744087.0
208,Атырауская,2017.0,36827790.0
207,Алматинская,2017.0,844376.0
206,Актюбинская,2017.0,19018457.0
205,Акмолинская,2017.0,2049453.0
204,Республика Казахстан,2017.0,175445180.0
211,Карагандинская,2017.0,24231114.0
232,Павлодарская,2018.0,29016058.0
233,Северо-Казахстанская,2018.0,2700396.0
234,Туркестанская,2018.0,1279159.0
231,Мангистауская,2018.0,11809507.0
236,г. Астана,2018.0,2032590.0
237,г. Алматы,2018.0,3918314.0
235,Восточно-Казахстанская,2018.0,21125691.0
238,г.Шымкент,2018.0,5339483.0
230,Кызылординская,2018.0,2639628.0
228,Карагандинская,2018.0,24045627.0
221,Республика Казахстан,2018.0,191015579.0
222,Акмолинская,2018.0,2715372.0
223,Актюбинская,2018.0,23454296.0
229,Костанайская,2018.0,8400631.0
225,Атырауская,2018.0,38408581.0
226,Западно-Казахстанская,2018.0,9659834.0
227,Жамбылская,2018.0,3629200.0
224,Алматинская,2018.0,841212.0
248,Кызылординская,2019.0,2853868.0
255,г. Алматы,2019.0,4512795.0
254,г. Астана,2019.0,1678216.0
253,Восточно-Казахстанская,2019.0,22885867.0
252,Туркестанская,2019.0,1581227.0
251,Северо-Казахстанская,2019.0,3688821.0
250,Павлодарская,2019.0,33159437.0
249,Мангистауская,2019.0,11127425.0
256,г.Шымкент,2019.0,6633370.0
247,Костанайская,2019.0,8797401.0
245,Жамбылская,2019.0,4782879.0
244,Западно-Казахстанская,2019.0,12631764.0
243,Атырауская,2019.0,51198333.0
242,Алматинская,2019.0,1287082.0
241,Актюбинская,2019.0,24811608.0
240,Акмолинская,2019.0,3165432.0
239,Республика Казахстан,2019.0,221670479.0
246,Карагандинская,2019.0,26874954.0
267,Мангистауская,2020.0,9632475.0
274,г.Шымкент,2020.0,7552841.0
272,г. Астана,2020.0,1032748.0
271,Восточно-Казахстанская,2020.0,25635452.0
270,Туркестанская,2020.0,1294883.0
269,Северо-Казахстанская,2020.0,3102405.0
268,Павлодарская,2020.0,25259670.0
266,Кызылординская,2020.0,2863434.0
273,г. Алматы,2020.0,4984200.0
264,Карагандинская,2020.0,28503150.0
265,Костанайская,2020.0,10423346.0
258,Акмолинская,2020.0,3261696.0
259,Актюбинская,2020.0,26847144.0
257,Республика Казахстан,2020.0,210397122.0
261,Атырауская,2020.0,39940657.0
262,Западно-Казахстанская,2020.0,13685551.0
263,Жамбылская,2020.0,4591362.0
260,Алматинская,2020.0,1786108.0
286,Павлодарская,2021.0,30579926.0
292,г.Шымкент,2021.0,4939942.0
291,г. Алматы,2021.0,6003805.0
290,г. Астана,2021.0,955667.0
289,Восточно-Казахстанская,2021.0,28812255.0
288,Туркестанская,2021.0,1472529.0
287,Северо-Казахстанская,2021.0,4919885.0
285,Мангистауская,2021.0,7823690.0
284,Кызылординская,2021.0,3300927.0
282,Карагандинская,2021.0,36770655.0
281,Жамбылская,2021.0,5765390.0
280,Западно-Казахстанская,2021.0,9038468.0
279,Атырауская,2021.0,52132403.0
278,Алматинская,2021.0,2304693.0
277,Актюбинская,2021.0,32455655.0
276,Акмолинская,2021.0,4791410.0
275,Республика Казахстан,2021.0,245790216.0
283,Костанайская,2021.0,13722916.0
305,Мангистауская,2022.0,7783851.0
306,Павлодарская,2022.0,30291043.0
307,Северо-Казахстанская,2022.0,4419072.0
308,Туркестанская,2022.0,1649601.0
313,г.Шымкент,2022.0,5295069.0
310,Восточно-Казахстанская,2022.0,29156691.0
311,г. Астана,2022.0,6057361.0
312,г. Алматы,2022.0,7326231.0
309,Ұлытау,2022.0,12860844.0
304,Кызылординская,2022.0,3827088.0
299,Западно-Казахстанская,2022.0,8434895.0
302,Карагандинская,2022.0,32904100.0
303,Костанайская,2022.0,18068017.0
294,Абай,2022.0,4569245.0
295,Акмолинская,2022.0,4783079.0
296,Актюбинская,2022.0,40651798.0
293,Республика Казахстан,2022.0,284853377.0
298,Атырауская,2022.0,56508271.0
300,Жамбылская,2022.0,7328188.0
301,Жетісу,2022.0,973288.0
297,Алматинская,2022.0,1965645.0
566,Карагандинская,2023.0,33651724.8588233
398,Алматинская,2023.0,2114058.7797385454
342,Акмолинская,2023.0,3992425.4718953967
874,г.Шымкент,2023.0,5417464.199999988
846,г. Астана,2023.0,3049635.624182999
370,Актюбинская,2023.0,33792507.84182978
594,Костанайская,2023.0,13298928.896078467
818,г. Алматы,2023.0,6010783.116993427
482,Жамбылская,2023.0,6029293.084967256
510,Жетісу,2023.0,973288.0
762,Туркестанская,2023.0,1645135.599999994
426,Атырауская,2023.0,55967474.48300648
734,Северо-Казахстанская,2023.0,4215408.540522933
706,Республика Казахстан,2023.0,262804824.6228752
622,Кызылординская,2023.0,3544931.099999994
454,Восточно-Казахстанская,2023.0,28720548.967320442
678,Павлодарская,2023.0,32846970.827450752
538,Западно-Казахстанская,2023.0,12634011.24575162
790,Южно-Казахстанская,2023.0,8144262.076923013
902,Ұлытау,2023.0,12860844.0
650,Мангистауская,2023.0,10305504.882352948
314,Абай,2023.0,4569245.0
539,Западно-Казахстанская,2024.0,13424806.816649437
651,Мангистауская,2024.0,9984535.331372619
819,г. Алматы,2024.0,6305846.673753023
791,Южно-Казахстанская,2024.0,8573178.63846147
399,Алматинская,2024.0,2211409.023804605
903,Ұлытау,2024.0,12860844.0
763,Туркестанская,2024.0,1708354.199999988
427,Атырауская,2024.0,58917896.73326397
511,Жетісу,2024.0,973288.0
735,Северо-Казахстанская,2024.0,4490343.4383558035
707,Республика Казахстан,2024.0,275344376.21709824
315,Абай,2024.0,4569245.0
455,Восточно-Казахстанская,2024.0,30226400.163295746
623,Кызылординская,2024.0,3671505.1596491337
679,Павлодарская,2024.0,34356858.595252514
483,Жамбылская,2024.0,6374331.14244926
371,Актюбинская,2024.0,35633826.82284117
847,г. Астана,2024.0,3239629.345441997
595,Костанайская,2024.0,13662165.204437613
875,г.Шымкент,2024.0,5239238.599999964
343,Акмолинская,2024.0,4232114.399346411
567,Карагандинская,2024.0,35204633.156243324
624,Кызылординская,2025.0,3798079.2192982435
680,Павлодарская,2025.0,35866746.363054276
820,г. Алматы,2025.0,6600910.230512619
596,Костанайская,2025.0,14025401.51279676
344,Акмолинская,2025.0,4471803.326797366
792,Южно-Казахстанская,2025.0,9002095.199999928
456,Восточно-Казахстанская,2025.0,31732251.359270573
568,Карагандинская,2025.0,36757541.45366335
316,Абай,2025.0,4569245.0
708,Республика Казахстан,2025.0,287883927.81131744
764,Туркестанская,2025.0,1771572.799999997
736,Северо-Казахстанская,2025.0,4765278.336188555
428,Атырауская,2025.0,61868318.983522415
400,Алматинская,2025.0,2308759.267870635
540,Западно-Казахстанская,2025.0,14215602.387547493
512,Жетісу,2025.0,973288.0
484,Жамбылская,2025.0,6719369.199931145
372,Актюбинская,2025.0,37475145.80385256
848,г. Астана,2025.0,3429623.0667010546
876,г.Шымкент,2025.0,5061013.0
904,Ұлытау,2025.0,12860844.0
652,Мангистауская,2025.0,9663565.78039217
317,Абай,2026.0,4569245.0
849,г. Астана,2026.0,3619616.7879600525
373,Актюбинская,2026.0,39316464.78486395
765,Туркестанская,2026.0,1834791.399999991
401,Алматинская,2026.0,2406109.5119366944
485,Жамбылская,2026.0,7064407.257413149
793,Южно-Казахстанская,2026.0,9431011.761538386
709,Республика Казахстан,2026.0,300423479.40554047
513,Жетісу,2026.0,973288.0
457,Восточно-Казахстанская,2026.0,33238102.555245876
681,Павлодарская,2026.0,37376634.130856514
429,Атырауская,2026.0,64818741.23377991
905,Ұлытау,2026.0,12860844.0
877,г.Шымкент,2026.0,4882787.399999976
569,Карагандинская,2026.0,38310449.751083374
597,Костанайская,2026.0,14388637.821155787
345,Акмолинская,2026.0,4711492.254248381
625,Кызылординская,2026.0,3924653.2789473534
821,г. Алматы,2026.0,6895973.787272096
737,Северо-Казахстанская,2026.0,5040213.234021425
653,Мангистауская,2026.0,9342596.22941184
541,Западно-Казахстанская,2026.0,15006397.95844531
346,Акмолинская,2027.0,4951181.181699336
738,Северо-Казахстанская,2027.0,5315148.1318541765
514,Жетісу,2027.0,973288.0
766,Туркестанская,2027.0,1898010.0
318,Абай,2027.0,4569245.0
710,Республика Казахстан,2027.0,312963030.9997597
430,Атырауская,2027.0,67769163.48403835
486,Жамбылская,2027.0,7409445.314895034
570,Карагандинская,2027.0,39863358.0485034
374,Актюбинская,2027.0,41157783.76587534
850,г. Астана,2027.0,3809610.50921911
878,г.Шымкент,2027.0,4704561.800000012
626,Кызылординская,2027.0,4051227.338596493
402,Алматинская,2027.0,2503459.756002754
458,Восточно-Казахстанская,2027.0,34743953.75122118
542,Западно-Казахстанская,2027.0,15797193.529343128
682,Павлодарская,2027.0,38886521.898658276
794,Южно-Казахстанская,2027.0,9859928.323076844
906,Ұлытау,2027.0,12860844.0
822,г. Алматы,2027.0,7191037.344031692
598,Костанайская,2027.0,14751874.129514933
654,Мангистауская,2027.0,9021626.678431392
627,Кызылординская,2028.0,4177801.398245603
655,Мангистауская,2028.0,8700657.127451062
683,Павлодарская,2028.0,40396409.66646004
459,Восточно-Казахстанская,2028.0,36249804.94719648
319,Абай,2028.0,4569245.0
879,г.Шымкент,2028.0,4526336.199999988
711,Республика Казахстан,2028.0,325502582.5939789
487,Жамбылская,2028.0,7754483.372377038
907,Ұлытау,2028.0,12860844.0
767,Туркестанская,2028.0,1961228.599999994
795,Южно-Казахстанская,2028.0,10288844.884615302
543,Западно-Казахстанская,2028.0,16587989.100240946
599,Костанайская,2028.0,15115110.437874079
823,г. Алматы,2028.0,7486100.900791168
375,Актюбинская,2028.0,42999102.74688673
851,г. Астана,2028.0,3999604.230478108
347,Акмолинская,2028.0,5190870.1091502905
403,Алматинская,2028.0,2600810.0000687838
515,Жетісу,2028.0,973288.0
571,Карагандинская,2028.0,41416266.345923424
739,Северо-Казахстанская,2028.0,5590083.029687047
431,Атырауская,2028.0,70719585.73429585
908,Ұлытау,2029.0,12860844.0
572,Карагандинская,2029.0,42969174.64334345
460,Восточно-Казахстанская,2029.0,37755656.14317179
628,Кызылординская,2029.0,4304375.4578947425
376,Актюбинская,2029.0,44840421.72789812
824,г. Алматы,2029.0,7781164.457550764
684,Павлодарская,2029.0,41906297.4342618
796,Южно-Казахстанская,2029.0,10717761.44615376
488,Жамбылская,2029.0,8099521.429858923
880,г.Шымкент,2029.0,4348110.599999964
852,г. Астана,2029.0,4189597.9517371655
656,Мангистауская,2029.0,8379687.5764706135
432,Атырауская,2029.0,73670007.98455429
740,Северо-Казахстанская,2029.0,5865017.927519798
768,Туркестанская,2029.0,2024447.199999988
516,Жетісу,2029.0,973288.0
348,Акмолинская,2029.0,5430559.036601305
544,Западно-Казахстанская,2029.0,17378784.671138763
600,Костанайская,2029.0,15478346.746233225
320,Абай,2029.0,4569245.0
404,Алматинская,2029.0,2698160.2441348433
712,Республика Казахстан,2029.0,338042134.1882019
853,г. Астана,2030.0,4379591.672996163
321,Абай,2030.0,4569245.0
489,Жамбылская,2030.0,8444559.487340927
601,Костанайская,2030.0,15841583.054592371
545,Западно-Казахстанская,2030.0,18169580.24203658
713,Республика Казахстан,2030.0,350581685.7824211
573,Карагандинская,2030.0,44522082.94076347
629,Кызылординская,2030.0,4430949.517543852
909,Ұлытау,2030.0,12860844.0
741,Северо-Казахстанская,2030.0,6139952.825352669
349,Акмолинская,2030.0,5670247.96405226
377,Актюбинская,2030.0,46681740.708909035
881,г.Шымкент,2030.0,4169885.0
825,г. Алматы,2030.0,8076228.01431036
517,Жетісу,2030.0,973288.0
797,Южно-Казахстанская,2030.0,11146678.007692218
685,Павлодарская,2030.0,43416185.20206356
433,Атырауская,2030.0,76620430.23481178
405,Алматинская,2030.0,2795510.488200873
461,Восточно-Казахстанская,2030.0,39261507.33914709
769,Туркестанская,2030.0,2087665.799999997
657,Мангистауская,2030.0,8058718.025490165
574,Карагандинская,2031.0,46074991.2381835
518,Жетісу,2031.0,973288.0
602,Костанайская,2031.0,16204819.362951517
630,Кызылординская,2031.0,4557523.577192992
406,Алматинская,2031.0,2892860.7322669327
798,Южно-Казахстанская,2031.0,11575594.569230676
378,Актюбинская,2031.0,48523059.689920425
770,Туркестанская,2031.0,2150884.399999991
826,г. Алматы,2031.0,8371291.571069837
742,Северо-Казахстанская,2031.0,6414887.723185539
434,Атырауская,2031.0,79570852.48507023
854,г. Астана,2031.0,4569585.394255221
714,Республика Казахстан,2031.0,363121237.37664413
882,г.Шымкент,2031.0,3991659.399999976
350,Акмолинская,2031.0,5909936.891503274
462,Восточно-Казахстанская,2031.0,40767358.535122395
686,Павлодарская,2031.0,44926072.9698658
322,Абай,2031.0,4569245.0
658,Мангистауская,2031.0,7737748.474509835
490,Жамбылская,2031.0,8789597.544822812
546,Западно-Казахстанская,2031.0,18960375.8129344
910,Ұлытау,2031.0,12860844.0
883,г.Шымкент,2032.0,3813433.800000012
379,Актюбинская,2032.0,50364378.670931816
911,Ұлытау,2032.0,12860844.0
351,Акмолинская,2032.0,6149625.818954229
855,г. Астана,2032.0,4759579.115514219
323,Абай,2032.0,4569245.0
827,г. Алматы,2032.0,8666355.127829432
575,Карагандинская,2032.0,47627899.53560352
799,Южно-Казахстанская,2032.0,12004511.130769253
631,Кызылординская,2032.0,4684097.636842102
407,Алматинская,2032.0,2990210.9763329923
491,Жамбылская,2032.0,9134635.602304816
659,Мангистауская,2032.0,7416778.9235293865
463,Восточно-Казахстанская,2032.0,42273209.73109722
687,Павлодарская,2032.0,46435960.73766756
603,Костанайская,2032.0,16568055.671310663
435,Атырауская,2032.0,82521274.73532867
715,Республика Казахстан,2032.0,375660788.97086334
547,Западно-Казахстанская,2032.0,19751171.383832216
519,Жетісу,2032.0,973288.0
771,Туркестанская,2032.0,2214103.0
743,Северо-Казахстанская,2032.0,6689822.6210182905
800,Южно-Казахстанская,2033.0,12433427.69230771
660,Мангистауская,2033.0,7095809.372549057
912,Ұлытау,2033.0,12860844.0
772,Туркестанская,2033.0,2277321.599999994
576,Карагандинская,2033.0,49180807.83302355
828,г. Алматы,2033.0,8961418.68458891
548,Западно-Казахстанская,2033.0,20541966.954730034
688,Павлодарская,2033.0,47945848.50546932
632,Кызылординская,2033.0,4810671.696491212
856,г. Астана,2033.0,4949572.836773276
716,Республика Казахстан,2033.0,388200340.56508636
744,Северо-Казахстанская,2033.0,6964757.518851161
884,г.Шымкент,2033.0,3635208.199999988
604,Костанайская,2033.0,16931291.97966981
464,Восточно-Казахстанская,2033.0,43779060.927072525
352,Акмолинская,2033.0,6389314.746405244
492,Жамбылская,2033.0,9479673.659786701
324,Абай,2033.0,4569245.0
380,Актюбинская,2033.0,52205697.65194321
436,Атырауская,2033.0,85471696.98558617
520,Жетісу,2033.0,973288.0
408,Алматинская,2033.0,3087561.220399022
381,Актюбинская,2034.0,54047016.6329546
913,Ұлытау,2034.0,12860844.0
801,Южно-Казахстанская,2034.0,12862344.253846169
521,Жетісу,2034.0,973288.0
605,Костанайская,2034.0,17294528.288028955
549,Западно-Казахстанская,2034.0,21332762.52562785
829,г. Алматы,2034.0,9256482.241348505
409,Алматинская,2034.0,3184911.4644650817
745,Северо-Казахстанская,2034.0,7239692.416683912
437,Атырауская,2034.0,88422119.23584461
633,Кызылординская,2034.0,4937245.756140351
717,Республика Казахстан,2034.0,400739892.1593056
689,Павлодарская,2034.0,49455736.273271084
465,Восточно-Казахстанская,2034.0,45284912.12304783
493,Жамбылская,2034.0,9824711.717268705
773,Туркестанская,2034.0,2340540.199999988
577,Карагандинская,2034.0,50733716.13044357
661,Мангистауская,2034.0,6774839.821568608
325,Абай,2034.0,4569245.0
857,г. Астана,2034.0,5139566.558032274
885,г.Шымкент,2034.0,3456982.5999999642
353,Акмолинская,2034.0,6629003.673856199
690,Павлодарская,2035.0,50965624.041072845
606,Костанайская,2035.0,17657764.596387982
354,Акмолинская,2035.0,6868692.601307154
410,Алматинская,2035.0,3282261.7085311115
662,Мангистауская,2035.0,6453870.270588279
550,Западно-Казахстанская,2035.0,22123558.09652567
914,Ұлытау,2035.0,12860844.0
326,Абай,2035.0,4569245.0
522,Жетісу,2035.0,973288.0
746,Северо-Казахстанская,2035.0,7514627.314516783
802,Южно-Казахстанская,2035.0,13291260.815384626
886,г.Шымкент,2035.0,3278757.0
774,Туркестанская,2035.0,2403758.799999997
466,Восточно-Казахстанская,2035.0,46790763.31902313
830,г. Алматы,2035.0,9551545.798107982
494,Жамбылская,2035.0,10169749.77475059
382,Актюбинская,2035.0,55888335.61396599
858,г. Астана,2035.0,5329560.279291332
578,Карагандинская,2035.0,52286624.4278636
634,Кызылординская,2035.0,5063819.815789461
438,Атырауская,2035.0,91372541.4861021
718,Республика Казахстан,2035.0,413279443.7535248
439,Атырауская,2036.0,94322963.73636055
327,Абай,2036.0,4569245.0
635,Кызылординская,2036.0,5190393.875438601
719,Республика Казахстан,2036.0,425818995.3477478
747,Северо-Казахстанская,2036.0,7789562.212349534
551,Западно-Казахстанская,2036.0,22914353.667423487
495,Жамбылская,2036.0,10514787.832232475
467,Восточно-Казахстанская,2036.0,48296614.514998436
411,Алматинская,2036.0,3379611.952597171
887,г.Шымкент,2036.0,3100531.399999976
775,Туркестанская,2036.0,2466977.399999991
383,Актюбинская,2036.0,57729654.59497738
607,Костанайская,2036.0,18021000.90474713
691,Павлодарская,2036.0,52475511.808875084
915,Ұлытау,2036.0,12860844.0
859,г. Астана,2036.0,5519554.000550389
831,г. Алматы,2036.0,9846609.354867578
355,Акмолинская,2036.0,7108381.528758168
579,Карагандинская,2036.0,53839532.72528362
663,Мангистауская,2036.0,6132900.71960783
523,Жетісу,2036.0,973288.0
803,Южно-Казахстанская,2036.0,13720177.376923084
356,Акмолинская,2037.0,7348070.456209123
608,Костанайская,2037.0,18384237.213106275
720,Республика Казахстан,2037.0,438358546.941967
888,г.Шымкент,2037.0,2922305.800000012
552,Западно-Казахстанская,2037.0,23705149.238321304
328,Абай,2037.0,4569245.0
692,Павлодарская,2037.0,53985399.576676846
636,Кызылординская,2037.0,5316967.935087711
580,Карагандинская,2037.0,55392441.02270365
440,Атырауская,2037.0,97273385.98661804
496,Жамбылская,2037.0,10859825.88971448
664,Мангистауская,2037.0,5811931.1686275005
804,Южно-Казахстанская,2037.0,14149093.938461542
860,г. Астана,2037.0,5709547.721809387
524,Жетісу,2037.0,973288.0
748,Северо-Казахстанская,2037.0,8064497.1101824045
916,Ұлытау,2037.0,12860844.0
468,Восточно-Казахстанская,2037.0,49802465.71097374
412,Алматинская,2037.0,3476962.196663201
776,Туркестанская,2037.0,2530196.0
384,Актюбинская,2037.0,59570973.57598877
832,г. Алматы,2037.0,10141672.911627173
665,Мангистауская,2038.0,5490961.617647052
469,Восточно-Казахстанская,2038.0,51308316.90694904
413,Алматинская,2038.0,3574312.4407292604
441,Атырауская,2038.0,100223808.23687649
889,г.Шымкент,2038.0,2744080.199999988
721,Республика Казахстан,2038.0,450898098.53619003
917,Ұлытау,2038.0,12860844.0
749,Северо-Казахстанская,2038.0,8339432.008015156
833,г. Алматы,2038.0,10436736.46838665
861,г. Астана,2038.0,5899541.443068445
805,Южно-Казахстанская,2038.0,14578010.5
385,Актюбинская,2038.0,61412292.55700016
357,Акмолинская,2038.0,7587759.383660138
693,Павлодарская,2038.0,55495287.34447861
777,Туркестанская,2038.0,2593414.599999994
329,Абай,2038.0,4569245.0
525,Жетісу,2038.0,973288.0
553,Западно-Казахстанская,2038.0,24495944.809219122
581,Карагандинская,2038.0,56945349.32012367
497,Жамбылская,2038.0,11204863.947196364
637,Кызылординская,2038.0,5443541.99473685
609,Костанайская,2038.0,18747473.52146542
414,Алматинская,2039.0,3671662.68479532
694,Павлодарская,2039.0,57005175.11228037
862,г. Астана,2039.0,6089535.164327443
358,Акмолинская,2039.0,7827448.311111093
386,Актюбинская,2039.0,63253611.53801155
750,Северо-Казахстанская,2039.0,8614366.905848026
722,Республика Казахстан,2039.0,463437650.13040924
806,Южно-Казахстанская,2039.0,15006927.061538458
582,Карагандинская,2039.0,58498257.6175437
330,Абай,2039.0,4569245.0
526,Жетісу,2039.0,973288.0
918,Ұлытау,2039.0,12860844.0
498,Жамбылская,2039.0,11549902.004678369
442,Атырауская,2039.0,103174230.48713398
638,Кызылординская,2039.0,5570116.05438596
834,г. Алматы,2039.0,10731800.025146246
666,Мангистауская,2039.0,5169992.066666722
890,г.Шымкент,2039.0,2565854.5999999642
610,Костанайская,2039.0,19110709.829824567
470,Восточно-Казахстанская,2039.0,52814168.10292387
778,Туркестанская,2039.0,2656633.199999988
554,Западно-Казахстанская,2039.0,25286740.38011694
723,Республика Казахстан,2040.0,475977201.72463226
751,Северо-Казахстанская,2040.0,8889301.803680897
387,Актюбинская,2040.0,65094930.51902294
863,г. Астана,2040.0,6279528.8855865
919,Ұлытау,2040.0,12860844.0
359,Акмолинская,2040.0,8067137.238562107
891,г.Шымкент,2040.0,2387629.0
443,Атырауская,2040.0,106124652.73739243
667,Мангистауская,2040.0,4849022.515686274
779,Туркестанская,2040.0,2719851.799999997
583,Карагандинская,2040.0,60051165.91496372
611,Костанайская,2040.0,19473946.138183713
807,Южно-Казахстанская,2040.0,15435843.623076916
555,Западно-Казахстанская,2040.0,26077535.951014757
499,Жамбылская,2040.0,11894940.062160254
331,Абай,2040.0,4569245.0
471,Восточно-Казахстанская,2040.0,54320019.298899174
639,Кызылординская,2040.0,5696690.1140351
835,г. Алматы,2040.0,11026863.581905723
695,Павлодарская,2040.0,58515062.88008213
527,Жетісу,2040.0,973288.0
415,Алматинская,2040.0,3769012.92886135
332,Абай,2041.0,4569245.0
780,Туркестанская,2041.0,2783070.399999991
836,г. Алматы,2041.0,11321927.138665318
500,Жамбылская,2041.0,12239978.119642258
584,Карагандинская,2041.0,61604074.21238375
668,Мангистауская,2041.0,4528052.964705944
528,Жетісу,2041.0,973288.0
724,Республика Казахстан,2041.0,488516753.3188515
752,Северо-Казахстанская,2041.0,9164236.701513648
864,г. Астана,2041.0,6469522.606845498
556,Западно-Казахстанская,2041.0,26868331.521912813
444,Атырауская,2041.0,109075074.98764992
388,Актюбинская,2041.0,66936249.50003433
612,Костанайская,2041.0,19837182.44654286
892,г.Шымкент,2041.0,2209403.399999976
360,Акмолинская,2041.0,8306826.166013062
920,Ұлытау,2041.0,12860844.0
808,Южно-Казахстанская,2041.0,15864760.184615374
640,Кызылординская,2041.0,5823264.17368421
696,Павлодарская,2041.0,60024950.64788437
472,Восточно-Казахстанская,2041.0,55825870.49487448
416,Алматинская,2041.0,3866363.1729274094
613,Костанайская,2042.0,20200418.754902005
585,Карагандинская,2042.0,63156982.50980377
529,Жетісу,2042.0,973288.0
809,Южно-Казахстанская,2042.0,16293676.746153831
753,Северо-Казахстанская,2042.0,9439171.599346519
389,Актюбинская,2042.0,68777568.48104525
417,Алматинская,2042.0,3963713.416993439
781,Туркестанская,2042.0,2846289.0
473,Восточно-Казахстанская,2042.0,57331721.69084978
501,Жамбылская,2042.0,12585016.177124143
837,г. Алматы,2042.0,11616990.695424914
865,г. Астана,2042.0,6659516.328104556
333,Абай,2042.0,4569245.0
725,Республика Казахстан,2042.0,501056304.9130707
641,Кызылординская,2042.0,5949838.233333319
669,Мангистауская,2042.0,4207083.413725495
445,Атырауская,2042.0,112025497.23790836
697,Павлодарская,2042.0,61534838.41568613
893,г.Шымкент,2042.0,2031177.800000012
921,Ұлытау,2042.0,12860844.0
361,Акмолинская,2042.0,8546515.093464017
557,Западно-Казахстанская,2042.0,27659127.09281063
866,г. Астана,2043.0,6849510.0493635535
614,Костанайская,2043.0,20563655.06326115
558,Западно-Казахстанская,2043.0,28449922.66370845
894,г.Шымкент,2043.0,1852952.199999988
670,Мангистауская,2043.0,3886113.862745166
334,Абай,2043.0,4569245.0
782,Туркестанская,2043.0,2909507.599999994
474,Восточно-Казахстанская,2043.0,58837572.886825085
922,Ұлытау,2043.0,12860844.0
642,Кызылординская,2043.0,6076412.292982459
418,Алматинская,2043.0,4061063.661059499
698,Павлодарская,2043.0,63044726.18348789
838,г. Алматы,2043.0,11912054.252184391
726,Республика Казахстан,2043.0,513595856.5072937
390,Актюбинская,2043.0,70618887.46205664
810,Южно-Казахстанская,2043.0,16722593.30769229
586,Карагандинская,2043.0,64709890.8072238
362,Акмолинская,2043.0,8786204.020915031
446,Атырауская,2043.0,114975919.48816586
754,Северо-Казахстанская,2043.0,9714106.49717927
502,Жамбылская,2043.0,12930054.234606147
530,Жетісу,2043.0,973288.0
839,г. Алматы,2044.0,12207117.808943987
363,Акмолинская,2044.0,9025892.948365986
587,Карагандинская,2044.0,66262799.10464382
811,Южно-Казахстанская,2044.0,17151509.869230747
335,Абай,2044.0,4569245.0
559,Западно-Казахстанская,2044.0,29240718.234606266
867,г. Астана,2044.0,7039503.770622611
531,Жетісу,2044.0,973288.0
895,г.Шымкент,2044.0,1674726.5999999642
391,Актюбинская,2044.0,72460206.44306803
783,Туркестанская,2044.0,2972726.199999988
503,Жамбылская,2044.0,13275092.292088032
699,Павлодарская,2044.0,64554613.951289654
615,Костанайская,2044.0,20926891.37162018
755,Северо-Казахстанская,2044.0,9989041.39501214
419,Алматинская,2044.0,4158413.9051255584
447,Атырауская,2044.0,117926341.7384243
923,Ұлытау,2044.0,12860844.0
727,Республика Казахстан,2044.0,526135408.1015129
475,Восточно-Казахстанская,2044.0,60343424.08280039
671,Мангистауская,2044.0,3565144.311764717
643,Кызылординская,2044.0,6202986.352631569
924,Ұлытау,2045.0,12860844.0
504,Жамбылская,2045.0,13620130.349570036
364,Акмолинская,2045.0,9265581.875817
840,г. Алматы,2045.0,12502181.365703464
588,Карагандинская,2045.0,67815707.40206385
756,Северо-Казахстанская,2045.0,10263976.292844892
420,Алматинская,2045.0,4255764.149191588
448,Атырауская,2045.0,120876763.9886818
532,Жетісу,2045.0,973288.0
700,Павлодарская,2045.0,66064501.719091415
812,Южно-Казахстанская,2045.0,17580426.430769205
728,Республика Казахстан,2045.0,538674959.6957359
336,Абай,2045.0,4569245.0
476,Восточно-Казахстанская,2045.0,61849275.278775215
896,г.Шымкент,2045.0,1496501.0
672,Мангистауская,2045.0,3244174.7607843876
392,Актюбинская,2045.0,74301525.42407942
784,Туркестанская,2045.0,3035944.799999997
560,Западно-Казахстанская,2045.0,30031513.805504084
644,Кызылординская,2045.0,6329560.412280709
868,г. Астана,2045.0,7229497.491881609
616,Костанайская,2045.0,21290127.679979324
561,Западно-Казахстанская,2046.0,30822309.3764019
337,Абай,2046.0,4569245.0
729,Республика Казахстан,2046.0,551214511.2899551
533,Жетісу,2046.0,973288.0
701,Павлодарская,2046.0,67574389.48689365
673,Мангистауская,2046.0,2923205.209803939
841,г. Алматы,2046.0,12797244.92246306
869,г. Астана,2046.0,7419491.2131406665
897,г.Шымкент,2046.0,1318275.3999999762
477,Восточно-Казахстанская,2046.0,63355126.47475052
449,Атырауская,2046.0,123827186.23894024
645,Кызылординская,2046.0,6456134.471929818
365,Акмолинская,2046.0,9505270.803267956
393,Актюбинская,2046.0,76142844.40509081
757,Северо-Казахстанская,2046.0,10538911.190677762
617,Костанайская,2046.0,21653363.98833847
785,Туркестанская,2046.0,3099163.399999991
421,Алматинская,2046.0,4353114.393257648
813,Южно-Казахстанская,2046.0,18009342.992307663
589,Карагандинская,2046.0,69368615.69948387
925,Ұлытау,2046.0,12860844.0
505,Жамбылская,2046.0,13965168.40705192
702,Павлодарская,2047.0,69084277.25469542
534,Жетісу,2047.0,973288.0
506,Жамбылская,2047.0,14310206.464533925
338,Абай,2047.0,4569245.0
758,Северо-Казахстанская,2047.0,10813846.088510513
646,Кызылординская,2047.0,6582708.531578958
590,Карагандинская,2047.0,70921523.9969039
926,Ұлытау,2047.0,12860844.0
814,Южно-Казахстанская,2047.0,18438259.55384612
674,Мангистауская,2047.0,2602235.6588236094
870,г. Астана,2047.0,7609484.934399664
450,Атырауская,2047.0,126777608.48919773
422,Алматинская,2047.0,4450464.637323678
478,Восточно-Казахстанская,2047.0,64860977.67072582
730,Республика Казахстан,2047.0,563754062.8841782
562,Западно-Казахстанская,2047.0,31613104.94729972
842,г. Алматы,2047.0,13092308.479222536
898,г.Шымкент,2047.0,1140049.800000012
366,Акмолинская,2047.0,9744959.73071897
786,Туркестанская,2047.0,3162382.0
618,Костанайская,2047.0,22016600.296697617
394,Актюбинская,2047.0,77984163.3861022
395,Актюбинская,2048.0,79825482.36711359
647,Кызылординская,2048.0,6709282.591228068
899,г.Шымкент,2048.0,961824.1999999881
479,Восточно-Казахстанская,2048.0,66366828.866701126
339,Абай,2048.0,4569245.0
507,Жамбылская,2048.0,14655244.52201581
675,Мангистауская,2048.0,2281266.1078431606
563,Западно-Казахстанская,2048.0,32403900.518197536
787,Туркестанская,2048.0,3225600.599999994
535,Жетісу,2048.0,973288.0
703,Павлодарская,2048.0,70594165.02249718
843,г. Алматы,2048.0,13387372.035982132
815,Южно-Казахстанская,2048.0,18867176.11538458
367,Акмолинская,2048.0,9984648.658169925
451,Атырауская,2048.0,129728030.73945618
731,Республика Казахстан,2048.0,576293614.4783974
927,Ұлытау,2048.0,12860844.0
619,Костанайская,2048.0,22379836.605056763
591,Карагандинская,2048.0,72474432.29432392
423,Алматинская,2048.0,4547814.881389737
871,г. Астана,2048.0,7799478.655658722
759,Северо-Казахстанская,2048.0,11088780.986343384
508,Жамбылская,2049.0,15000282.579497695
732,Республика Казахстан,2049.0,588833166.0726166
900,г.Шымкент,2049.0,783598.5999999642
788,Туркестанская,2049.0,3288819.199999988
368,Акмолинская,2049.0,10224337.58562088
620,Костанайская,2049.0,22743072.91341591
396,Актюбинская,2049.0,81666801.34812498
844,г. Алматы,2049.0,13682435.592741728
564,Западно-Казахстанская,2049.0,33194696.089095354
676,Мангистауская,2049.0,1960296.556862712
872,г. Астана,2049.0,7989472.376917779
480,Восточно-Казахстанская,2049.0,67872680.06267643
816,Южно-Казахстанская,2049.0,19296092.676923037
648,Кызылординская,2049.0,6835856.650877178
928,Ұлытау,2049.0,12860844.0
452,Атырауская,2049.0,132678452.98971462
536,Жетісу,2049.0,973288.0
340,Абай,2049.0,4569245.0
760,Северо-Казахстанская,2049.0,11363715.884176254
592,Карагандинская,2049.0,74027340.59174395
704,Павлодарская,2049.0,72104052.79029894
424,Алматинская,2049.0,4645165.125455797
425,Алматинская,2050.0,4742515.3695218265
341,Абай,2050.0,4569245.0
565,Западно-Казахстанская,2050.0,33985491.65999317
593,Карагандинская,2050.0,75580248.88916397
509,Жамбылская,2050.0,15345320.6369797
621,Костанайская,2050.0,23106309.221775055
649,Кызылординская,2050.0,6962430.710526317
481,Восточно-Казахстанская,2050.0,69378531.25865173
677,Мангистауская,2050.0,1639327.0058823824
453,Атырауская,2050.0,135628875.2399721
901,г.Шымкент,2050.0,605373.0
705,Павлодарская,2050.0,73613940.5581007
537,Жетісу,2050.0,973288.0
761,Северо-Казахстанская,2050.0,11638650.782009006
789,Туркестанская,2050.0,3352037.799999997
397,Актюбинская,2050.0,83508120.32913637
817,Южно-Казахстанская,2050.0,19725009.238461494
369,Акмолинская,2050.0,10464026.513071895
845,г. Алматы,2050.0,13977499.149501204
873,г. Астана,2050.0,8179466.098176777
733,Республика Казахстан,2050.0,601372717.6668396
929,Ұлытау,2050.0,12860844.0
