,Регион,Год,Выброс загрезнений(тыс.тонн)
0,Республика Казахстан,2005.0,2968.8
16,г. Алматы,2005.0,15.5
15,г. Астана,2005.0,43.9
14,Восточно-Казахстанская,2005.0,165.7
13,Северо-Казахстанская,2005.0,65.5
11,Южно-Казахстанская,2005.0,36.8
10,Мангистауская,2005.0,63.5
9,Кызылординская,2005.0,40.0
12,Павлодарская,2005.0,556.8
7,Карагандинская,2005.0,1415.4
6,Жамбылская,2005.0,18.9
5,Западно-Казахстанская,2005.0,76.4
4,Атырауская,2005.0,89.4
3,Алматинская,2005.0,68.4
2,Актюбинская,2005.0,168.2
1,Акмолинская,2005.0,44.0
8,Костанайская,2005.0,100.4
26,Кызылординская,2006.0,35.9
33,г. Алматы,2006.0,15.1
32,г. Астана,2006.0,44.4
31,Восточно-Казахстанская,2006.0,157.8
30,Северо-Казахстанская,2006.0,66.2
28,Южно-Казахстанская,2006.0,38.9
27,Мангистауская,2006.0,66.7
25,Костанайская,2006.0,118.1
29,Павлодарская,2006.0,582.9
23,Жамбылская,2006.0,20.0
22,Западно-Казахстанская,2006.0,52.3
21,Атырауская,2006.0,95.0
20,Алматинская,2006.0,71.8
19,Актюбинская,2006.0,199.0
18,Акмолинская,2006.0,53.9
17,Республика Казахстан,2006.0,2921.2
24,Карагандинская,2006.0,1303.2
50,г. Алматы,2007.0,15.1
49,г. Астана,2007.0,44.7
48,Восточно-Казахстанская,2007.0,166.5
47,Северо-Казахстанская,2007.0,69.3
46,Павлодарская,2007.0,575.4
45,Южно-Казахстанская,2007.0,39.9
44,Мангистауская,2007.0,64.9
43,Кызылординская,2007.0,36.3
42,Костанайская,2007.0,115.6
40,Жамбылская,2007.0,21.2
39,Западно-Казахстанская,2007.0,47.3
38,Атырауская,2007.0,107.7
37,Алматинская,2007.0,62.4
36,Актюбинская,2007.0,204.6
35,Акмолинская,2007.0,78.2
34,Республика Казахстан,2007.0,2915.0
41,Карагандинская,2007.0,1265.9
60,Кызылординская,2008.0,34.7
67,г. Алматы,2008.0,13.9
66,г. Астана,2008.0,43.7
65,Восточно-Казахстанская,2008.0,151.4
64,Северо-Казахстанская,2008.0,73.0
62,Южно-Казахстанская,2008.0,40.4
61,Мангистауская,2008.0,61.7
59,Костанайская,2008.0,106.3
63,Павлодарская,2008.0,596.6
57,Жамбылская,2008.0,28.9
51,Республика Казахстан,2008.0,2643.1
52,Акмолинская,2008.0,75.3
53,Актюбинская,2008.0,208.9
58,Карагандинская,2008.0,991.6
55,Атырауская,2008.0,106.4
56,Западно-Казахстанская,2008.0,42.0
54,Алматинская,2008.0,68.3
78,Мангистауская,2009.0,64.3
84,г. Алматы,2009.0,11.3
83,г. Астана,2009.0,56.5
82,Восточно-Казахстанская,2009.0,149.2
81,Северо-Казахстанская,2009.0,77.7
80,Павлодарская,2009.0,560.8
79,Южно-Казахстанская,2009.0,39.9
77,Кызылординская,2009.0,33.9
76,Костанайская,2009.0,111.0
75,Карагандинская,2009.0,687.7
74,Жамбылская,2009.0,16.7
73,Западно-Казахстанская,2009.0,49.6
72,Атырауская,2009.0,100.2
71,Алматинская,2009.0,71.3
70,Актюбинская,2009.0,218.4
69,Акмолинская,2009.0,71.5
68,Республика Казахстан,2009.0,2320.0
100,г. Астана,2010.0,56.2
99,Восточно-Казахстанская,2010.0,147.0
98,Северо-Казахстанская,2010.0,77.8
97,Павлодарская,2010.0,572.5
96,Южно-Казахстанская,2010.0,40.7
95,Мангистауская,2010.0,68.6
94,Кызылординская,2010.0,29.0
101,г. Алматы,2010.0,11.0
93,Костанайская,2010.0,114.5
91,Жамбылская,2010.0,19.3
90,Западно-Казахстанская,2010.0,58.1
89,Атырауская,2010.0,97.8
88,Алматинская,2010.0,74.7
87,Актюбинская,2010.0,125.3
86,Акмолинская,2010.0,72.9
85,Республика Казахстан,2010.0,2226.6
92,Карагандинская,2010.0,661.2
118,г. Алматы,2011.0,11.7
117,г. Астана,2011.0,63.5
116,Восточно-Казахстанская,2011.0,147.2
115,Северо-Казахстанская,2011.0,77.0
114,Павлодарская,2011.0,632.2
113,Южно-Казахстанская,2011.0,47.1
112,Мангистауская,2011.0,75.8
111,Кызылординская,2011.0,31.9
110,Костанайская,2011.0,109.4
108,Жамбылская,2011.0,24.9
107,Западно-Казахстанская,2011.0,55.9
106,Атырауская,2011.0,107.4
105,Алматинская,2011.0,73.4
104,Актюбинская,2011.0,119.8
103,Акмолинская,2011.0,77.8
102,Республика Казахстан,2011.0,2346.3
109,Карагандинская,2011.0,691.3
128,Кызылординская,2012.0,31.1
135,г. Алматы,2012.0,12.1
134,г. Астана,2012.0,64.9
133,Восточно-Казахстанская,2012.0,140.1
131,Павлодарская,2012.0,675.9
130,Южно-Казахстанская,2012.0,48.6
129,Мангистауская,2012.0,64.2
127,Костанайская,2012.0,100.6
132,Северо-Казахстанская,2012.0,75.7
125,Жамбылская,2012.0,40.7
119,Республика Казахстан,2012.0,2384.3
120,Акмолинская,2012.0,105.7
121,Актюбинская,2012.0,123.9
126,Карагандинская,2012.0,641.4
122,Алматинская,2012.0,64.3
123,Атырауская,2012.0,133.1
124,Западно-Казахстанская,2012.0,62.0
152,г. Алматы,2013.0,12.4
151,г. Астана,2013.0,60.6
150,Восточно-Казахстанская,2013.0,125.0
149,Северо-Казахстанская,2013.0,71.4
148,Павлодарская,2013.0,650.4
147,Южно-Казахстанская,2013.0,56.3
145,Кызылординская,2013.0,31.2
146,Мангистауская,2013.0,77.5
136,Республика Казахстан,2013.0,2282.7
143,Карагандинская,2013.0,572.6
137,Акмолинская,2013.0,83.8
138,Актюбинская,2013.0,125.4
139,Алматинская,2013.0,68.4
144,Костанайская,2013.0,115.4
141,Западно-Казахстанская,2013.0,60.4
142,Жамбылская,2013.0,33.6
140,Атырауская,2013.0,138.4
169,г. Алматы,2014.0,43.5
168,г. Астана,2014.0,65.1
167,Восточно-Казахстанская,2014.0,129.6
166,Северо-Казахстанская,2014.0,72.0
165,Павлодарская,2014.0,610.2
164,Южно-Казахстанская,2014.0,59.9
163,Мангистауская,2014.0,88.3
162,Кызылординская,2014.0,30.8
161,Костанайская,2014.0,103.8
159,Жамбылская,2014.0,38.2
158,Западно-Казахстанская,2014.0,44.7
157,Атырауская,2014.0,109.1
156,Алматинская,2014.0,51.6
155,Актюбинская,2014.0,121.8
154,Акмолинская,2014.0,84.6
153,Республика Казахстан,2014.0,2256.7
160,Карагандинская,2014.0,603.6
186,г. Алматы,2015.0,39.1
185,г. Астана,2015.0,56.3
184,Восточно-Казахстанская,2015.0,127.1
183,Северо-Казахстанская,2015.0,74.9
182,Павлодарская,2015.0,552.9
181,Южно-Казахстанская,2015.0,69.0
180,Мангистауская,2015.0,72.5
179,Кызылординская,2015.0,30.1
178,Костанайская,2015.0,91.6
176,Жамбылская,2015.0,41.9
175,Западно-Казахстанская,2015.0,42.4
174,Атырауская,2015.0,110.7
173,Алматинская,2015.0,55.0
172,Актюбинская,2015.0,134.3
171,Акмолинская,2015.0,85.6
170,Республика Казахстан,2015.0,2180.0
177,Карагандинская,2015.0,596.4
203,г. Алматы,2016.0,38.8
202,г. Астана,2016.0,61.6
201,Восточно-Казахстанская,2016.0,128.6
200,Северо-Казахстанская,2016.0,77.7
199,Павлодарская,2016.0,542.7
198,Южно-Казахстанская,2016.0,72.1
197,Мангистауская,2016.0,65.8
195,Костанайская,2016.0,98.7
196,Кызылординская,2016.0,30.1
193,Жамбылская,2016.0,52.4
187,Республика Казахстан,2016.0,2271.6
188,Акмолинская,2016.0,94.5
189,Актюбинская,2016.0,155.6
194,Карагандинская,2016.0,593.0
191,Атырауская,2016.0,167.1
192,Западно-Казахстанская,2016.0,42.5
190,Алматинская,2016.0,50.3
220,г. Алматы,2017.0,41.1
219,г. Астана,2017.0,59.2
218,Восточно-Казахстанская,2017.0,129.3
217,Северо-Казахстанская,2017.0,76.4
216,Павлодарская,2017.0,609.8
215,Южно-Казахстанская,2017.0,68.2
213,Кызылординская,2017.0,27.5
214,Мангистауская,2017.0,62.6
212,Костанайская,2017.0,114.8
210,Жамбылская,2017.0,51.9
209,Западно-Казахстанская,2017.0,41.5
208,Атырауская,2017.0,177.0
207,Алматинская,2017.0,43.4
206,Актюбинская,2017.0,169.5
205,Акмолинская,2017.0,86.9
204,Республика Казахстан,2017.0,2357.8
211,Карагандинская,2017.0,598.7
232,Павлодарская,2018.0,709.3
233,Северо-Казахстанская,2018.0,75.5
234,Туркестанская ,2018.0,30.0
231,Мангистауская,2018.0,65.5
236,г. Астана,2018.0,56.4
237,г. Алматы,2018.0,43.0
235,Восточно-Казахстанская,2018.0,130.7
238,г.Шымкент,2018.0,33.4
230,Кызылординская,2018.0,26.0
228,Карагандинская,2018.0,587.5
221,Республика Казахстан,2018.0,2446.7
222,Акмолинская,2018.0,84.5
223,Актюбинская,2018.0,158.1
229,Костанайская,2018.0,124.0
225,Атырауская,2018.0,172.3
226,Западно-Казахстанская,2018.0,48.2
227,Жамбылская,2018.0,52.1
224,Алматинская,2018.0,50.2
248,Кызылординская,2019.0,24.4
255,г. Алматы,2019.0,46.1
254,г. Астана,2019.0,65.1
253,Восточно-Казахстанская,2019.0,128.8
252,Туркестанская ,2019.0,33.5
251,Северо-Казахстанская,2019.0,74.7
250,Павлодарская,2019.0,721.5
249,Мангистауская,2019.0,64.5
256,г.Шымкент,2019.0,29.8
247,Костанайская,2019.0,130.5
245,Жамбылская,2019.0,55.8
244,Западно-Казахстанская,2019.0,41.2
243,Атырауская,2019.0,164.5
242,Алматинская,2019.0,48.1
241,Актюбинская,2019.0,136.6
240,Акмолинская,2019.0,76.7
239,Республика Казахстан,2019.0,2483.1
246,Карагандинская,2019.0,641.3
267,Мангистауская,2020.0,72.5
274,г.Шымкент,2020.0,29.6
272,г. Астана,2020.0,62.4
271,Восточно-Казахстанская,2020.0,127.2
270,Туркестанская ,2020.0,28.1
269,Северо-Казахстанская,2020.0,76.0
268,Павлодарская,2020.0,723.0
266,Кызылординская,2020.0,28.3
273,г. Алматы,2020.0,44.5
264,Карагандинская,2020.0,627.7
265,Костанайская,2020.0,123.4
258,Акмолинская,2020.0,77.2
259,Актюбинская,2020.0,135.1
257,Республика Казахстан,2020.0,2441.0
261,Атырауская,2020.0,153.9
262,Западно-Казахстанская,2020.0,30.8
263,Жамбылская,2020.0,55.0
260,Алматинская,2020.0,46.3
286,Павлодарская,2021.0,736.12
292,г.Шымкент,2021.0,33.2
291,г. Алматы,2021.0,40.8
290,г. Астана,2021.0,62.2
289,Восточно-Казахстанская,2021.0,128.1
288,Туркестанская ,2021.0,29.0
287,Северо-Казахстанская,2021.0,61.2
285,Мангистауская,2021.0,75.2
284,Кызылординская,2021.0,29.2
282,Карагандинская,2021.0,569.7
281,Жамбылская,2021.0,55.8
280,Западно-Казахстанская,2021.0,26.0
279,Атырауская,2021.0,160.3
278,Алматинская,2021.0,47.9
277,Актюбинская,2021.0,137.4
276,Акмолинская,2021.0,77.3
275,Республика Казахстан,2021.0,2407.4557910000003
283,Костанайская,2021.0,137.9
305,Мангистауская,2022.0,78.7
306,Павлодарская,2022.0,724.2
307,Северо-Казахстанская,2022.0,52.7
308,Туркестанская ,2022.0,25.2
313,г.Шымкент,2022.0,35.0
310,Восточно-Казахстанская,2022.0,83.3
311,г. Астана,2022.0,57.7
312,г. Алматы,2022.0,41.5
309,Ұлытау,2022.0,105.0
304,Кызылординская,2022.0,23.4
299,Западно-Казахстанская,2022.0,25.8
302,Карагандинская,2022.0,469.0
303,Костанайская,2022.0,121.4
294,Абай,2022.0,39.0
295,Акмолинская,2022.0,69.5
296,Актюбинская,2022.0,136.5
293,Республика Казахстан,2022.0,2314.8
298,Атырауская,2022.0,132.1
300,Жамбылская,2022.0,52.9
301,Жетісу,2022.0,13.08
297,Алматинская,2022.0,28.8
566,Карагандинская,2023.0,347.269281045752
398,Алматинская,2023.0,38.10784313725526
342,Акмолинская,2023.0,87.83006535947743
874,г.Шымкент,2023.0,34.180000000000064
846,г. Астана,2023.0,66.28758169934645
370,Актюбинская,2023.0,123.09673202614431
594,Костанайская,2023.0,123.46928104575181
818,г. Алматы,2023.0,50.205882352940534
482,Жамбылская,2023.0,62.71830065359518
510,Жетісу,2023.0,13.08
762,Туркестанская ,2023.0,24.929999999999836
426,Атырауская,2023.0,171.67320261437817
734,Северо-Казахстанская,2023.0,69.82287581699353
706,Республика Казахстан,2023.0,2201.771434777773
622,Кызылординская,2023.0,23.96274509803925
454,Восточно-Казахстанская,2023.0,107.16797385620885
678,Павлодарская,2023.0,719.6007843137268
538,Западно-Казахстанская,2023.0,29.920915032680114
790,Южно-Казахстанская,2023.0,88.18241758241766
902,Ұлытау,2023.0,105.0
650,Мангистауская,2023.0,74.20784313725483
314,Абай,2023.0,39.0
539,Западно-Казахстанская,2024.0,28.116683866529456
651,Мангистауская,2024.0,74.69287925696597
819,г. Алматы,2024.0,52.58720330237338
791,Южно-Казахстанская,2024.0,91.31428571428569
399,Алматинская,2024.0,36.01042311661513
903,Ұлытау,2024.0,105.0
763,Туркестанская ,2024.0,23.519999999999982
427,Атырауская,2024.0,176.16277949776304
511,Жетісу,2024.0,13.08
735,Северо-Казахстанская,2024.0,69.60130718954252
707,Республика Казахстан,2024.0,2175.2493881988266
315,Абай,2024.0,39.0
455,Восточно-Казахстанская,2024.0,104.047643618851
623,Кызылординская,2024.0,23.246542827657322
679,Павлодарская,2024.0,729.0720949432398
483,Жамбылская,2024.0,65.34244926040628
371,Актюбинская,2024.0,119.80632954936391
847,г. Астана,2024.0,67.27457860337108
595,Костанайская,2024.0,124.55142758857937
875,г.Шымкент,2024.0,34.840000000000146
343,Акмолинская,2024.0,88.88878568971495
567,Карагандинская,2024.0,304.77598899208533
624,Кызылординская,2025.0,22.530340557275622
680,Павлодарская,2025.0,738.5434055727565
820,г. Алматы,2025.0,54.96852425180532
596,Костанайская,2025.0,125.63357413140693
344,Акмолинская,2025.0,89.94750601995202
792,Южно-Казахстанская,2025.0,94.44615384615372
456,Восточно-Казахстанская,2025.0,100.92731338149224
568,Карагандинская,2025.0,262.28269693841867
316,Абай,2025.0,39.0
708,Республика Казахстан,2025.0,2148.7273416198805
764,Туркестанская ,2025.0,22.109999999999673
736,Северо-Казахстанская,2025.0,69.37973856209157
428,Атырауская,2025.0,180.6523563811479
400,Алматинская,2025.0,33.91300309597591
540,Западно-Казахстанская,2025.0,26.3124527003788
512,Жетісу,2025.0,13.08
484,Жамбылская,2025.0,67.96659786721739
372,Актюбинская,2025.0,116.51592707258442
848,г. Астана,2025.0,68.26157550739595
876,г.Шымкент,2025.0,35.5
904,Ұлытау,2025.0,105.0
652,Мангистауская,2025.0,75.17791537667699
317,Абай,2026.0,39.0
849,г. Астана,2026.0,69.24857241142058
373,Актюбинская,2026.0,113.22552459580402
765,Туркестанская ,2026.0,20.699999999999818
401,Алматинская,2026.0,31.81558307533578
485,Жамбылская,2026.0,70.59074647402849
793,Южно-Казахстанская,2026.0,97.57802197802266
709,Республика Казахстан,2026.0,2122.2052950409343
513,Жетісу,2026.0,13.08
457,Восточно-Казахстанская,2026.0,97.80698314413439
681,Павлодарская,2026.0,748.0147162022695
429,Атырауская,2026.0,185.14193326453278
905,Ұлытау,2026.0,105.0
877,г.Шымкент,2026.0,36.16000000000008
569,Карагандинская,2026.0,219.789404884752
597,Костанайская,2026.0,126.71572067423449
345,Акмолинская,2026.0,91.00622635018954
625,Кызылординская,2026.0,21.814138286893694
821,г. Алматы,2026.0,57.34984520123817
737,Северо-Казахстанская,2026.0,69.15816993464057
653,Мангистауская,2026.0,75.66295149638802
541,Западно-Казахстанская,2026.0,24.50822153422814
346,Акмолинская,2027.0,92.0649466804266
738,Северо-Казахстанская,2027.0,68.93660130718956
514,Жетісу,2027.0,13.08
766,Туркестанская ,2027.0,19.289999999999964
318,Абай,2027.0,39.0
710,Республика Казахстан,2027.0,2095.683248461981
430,Атырауская,2027.0,189.63151014791765
486,Жамбылская,2027.0,73.2148950808396
570,Карагандинская,2027.0,177.2961128310999
374,Актюбинская,2027.0,109.93512211902362
850,г. Астана,2027.0,70.23556931544545
878,г.Шымкент,2027.0,36.820000000000164
626,Кызылординская,2027.0,21.097936016511994
402,Алматинская,2027.0,29.71816305469565
458,Восточно-Казахстанская,2027.0,94.68665290677654
542,Западно-Казахстанская,2027.0,22.703990368077484
682,Павлодарская,2027.0,757.4860268317861
794,Южно-Казахстанская,2027.0,100.7098901098907
906,Ұлытау,2027.0,105.0
822,г. Алматы,2027.0,59.731166150670106
598,Костанайская,2027.0,127.79786721706205
654,Мангистауская,2027.0,76.14798761609904
627,Кызылординская,2028.0,20.381733746130067
655,Мангистауская,2028.0,76.63302373581007
683,Павлодарская,2028.0,766.9573374612992
459,Восточно-Казахстанская,2028.0,91.5663226694187
319,Абай,2028.0,39.0
879,г.Шымкент,2028.0,37.48000000000002
711,Республика Казахстан,2028.0,2069.1612018830347
487,Жамбылская,2028.0,75.8390436876507
907,Ұлытау,2028.0,105.0
767,Туркестанская ,2028.0,17.879999999999654
795,Южно-Казахстанская,2028.0,103.84175824175873
543,Западно-Казахстанская,2028.0,20.899759201926827
599,Костанайская,2028.0,128.88001375989006
823,г. Алматы,2028.0,62.11248710010295
375,Актюбинская,2028.0,106.64471964224322
851,г. Астана,2028.0,71.22256621947008
347,Акмолинская,2028.0,93.12366701066412
403,Алматинская,2028.0,27.62074303405643
515,Жетісу,2028.0,13.08
571,Карагандинская,2028.0,134.80282077743323
739,Северо-Казахстанская,2028.0,68.71503267973861
431,Атырауская,2028.0,194.12108703130252
908,Ұлытау,2029.0,105.0
572,Карагандинская,2029.0,92.30952872376656
460,Восточно-Казахстанская,2029.0,88.44599243205994
628,Кызылординская,2029.0,19.66553147574814
376,Актюбинская,2029.0,103.35431716546373
824,г. Алматы,2029.0,64.49380804953489
684,Павлодарская,2029.0,776.4286480908158
796,Южно-Казахстанская,2029.0,106.97362637362676
488,Жамбылская,2029.0,78.4631922944618
880,г.Шымкент,2029.0,38.1400000000001
852,г. Астана,2029.0,72.20956312349495
656,Мангистауская,2029.0,77.1180598555211
432,Атырауская,2029.0,198.6106639146874
740,Северо-Казахстанская,2029.0,68.4934640522876
768,Туркестанская ,2029.0,16.4699999999998
516,Жетісу,2029.0,13.08
348,Акмолинская,2029.0,94.18238734090164
544,Западно-Казахстанская,2029.0,19.09552803577617
600,Костанайская,2029.0,129.96216030271762
320,Абай,2029.0,39.0
404,Алматинская,2029.0,25.523323013416302
712,Республика Казахстан,2029.0,2042.6391553040885
853,г. Астана,2030.0,73.19656002751981
321,Абай,2030.0,39.0
489,Жамбылская,2030.0,81.08734090127291
601,Костанайская,2030.0,131.04430684554518
545,Западно-Казахстанская,2030.0,17.291296869625512
713,Республика Казахстан,2030.0,2016.1171087251423
573,Карагандинская,2030.0,49.8162366700999
629,Кызылординская,2030.0,18.94932920536644
909,Ұлытау,2030.0,105.0
741,Северо-Казахстанская,2030.0,68.27189542483666
349,Акмолинская,2030.0,95.2411076711387
377,Актюбинская,2030.0,100.06391468868333
881,г.Шымкент,2030.0,38.799999999999955
825,г. Алматы,2030.0,66.87512899896774
517,Жетісу,2030.0,13.08
797,Южно-Казахстанская,2030.0,110.10549450549479
685,Павлодарская,2030.0,785.8999587203289
433,Атырауская,2030.0,203.10024079807226
405,Алматинская,2030.0,23.425902992776173
461,Восточно-Казахстанская,2030.0,85.32566219470209
769,Туркестанская ,2030.0,15.059999999999945
657,Мангистауская,2030.0,77.60309597523212
574,Карагандинская,2031.0,7.322944616433233
518,Жетісу,2031.0,13.08
602,Костанайская,2031.0,132.12645338837274
630,Кызылординская,2031.0,18.23312693498451
406,Алматинская,2031.0,21.328482972136044
798,Южно-Казахстанская,2031.0,113.23736263736282
378,Актюбинская,2031.0,96.77351221190293
770,Туркестанская ,2031.0,13.649999999999636
826,г. Алматы,2031.0,69.25644994839968
742,Северо-Казахстанская,2031.0,68.05032679738565
434,Атырауская,2031.0,207.58981768145713
854,г. Астана,2031.0,74.18355693154444
714,Республика Казахстан,2031.0,1989.5950621461961
882,г.Шымкент,2031.0,39.460000000000036
350,Акмолинская,2031.0,96.29982800137623
462,Восточно-Казахстанская,2031.0,82.20533195734424
686,Павлодарская,2031.0,795.3712693498455
322,Абай,2031.0,39.0
658,Мангистауская,2031.0,78.08813209494326
490,Жамбылская,2031.0,83.71148950808401
546,Западно-Казахстанская,2031.0,15.4870657034744
910,Ұлытау,2031.0,105.0
883,г.Шымкент,2032.0,40.12000000000012
379,Актюбинская,2032.0,93.48310973512253
911,Ұлытау,2032.0,105.0
351,Акмолинская,2032.0,97.35854833161375
855,г. Астана,2032.0,75.17055383556931
323,Абай,2032.0,39.0
827,г. Алматы,2032.0,71.63777089783252
575,Карагандинская,2032.0,-35.17034743721888
799,Южно-Казахстанская,2032.0,116.36923076923085
631,Кызылординская,2032.0,17.51692466460281
407,Алматинская,2032.0,19.231062951496824
491,Жамбылская,2032.0,86.33563811489512
659,Мангистауская,2032.0,78.57316821465429
463,Восточно-Казахстанская,2032.0,79.08500171998548
687,Павлодарская,2032.0,804.8425799793586
603,Костанайская,2032.0,133.20859993120075
435,Атырауская,2032.0,212.079394564842
715,Республика Казахстан,2032.0,1963.07301556725
547,Западно-Казахстанская,2032.0,13.682834537323743
519,Жетісу,2032.0,13.08
771,Туркестанская ,2032.0,12.239999999999782
743,Северо-Казахстанская,2032.0,67.8287581699347
800,Южно-Казахстанская,2033.0,119.50109890109889
660,Мангистауская,2033.0,79.05820433436531
912,Ұлытау,2033.0,105.0
772,Туркестанская ,2033.0,10.829999999999927
576,Карагандинская,2033.0,-77.66363949088554
828,г. Алматы,2033.0,74.01909184726446
548,Западно-Казахстанская,2033.0,11.878603371173085
688,Павлодарская,2033.0,814.3138906088752
632,Кызылординская,2033.0,16.800722394220884
856,г. Астана,2033.0,76.15755073959394
716,Республика Казахстан,2033.0,1936.5509689882965
744,Северо-Казахстанская,2033.0,67.6071895424837
884,г.Шымкент,2033.0,40.77999999999997
604,Костанайская,2033.0,134.2907464740283
464,Восточно-Казахстанская,2033.0,75.96467148262764
352,Акмолинская,2033.0,98.41726866185081
492,Жамбылская,2033.0,88.95978672170622
324,Абай,2033.0,39.0
380,Актюбинская,2033.0,90.19270725834212
436,Атырауская,2033.0,216.56897144822688
520,Жетісу,2033.0,13.08
408,Алматинская,2033.0,17.133642930856695
381,Актюбинская,2034.0,86.90230478156263
913,Ұлытау,2034.0,105.0
801,Южно-Казахстанская,2034.0,122.63296703296692
521,Жетісу,2034.0,13.08
605,Костанайская,2034.0,135.37289301685587
549,Западно-Казахстанская,2034.0,10.074372205022428
829,г. Алматы,2034.0,76.40041279669731
409,Алматинская,2034.0,15.036222910216566
745,Северо-Казахстанская,2034.0,67.38562091503275
437,Атырауская,2034.0,221.05854833161357
633,Кызылординская,2034.0,16.084520123838956
717,Республика Казахстан,2034.0,1910.0289224093503
689,Павлодарская,2034.0,823.7852012383919
465,Восточно-Казахстанская,2034.0,72.84434124526979
493,Жамбылская,2034.0,91.58393532851733
773,Туркестанская ,2034.0,9.419999999999618
577,Карагандинская,2034.0,-120.15693154455221
661,Мангистауская,2034.0,79.54324045407634
325,Абай,2034.0,39.0
857,г. Астана,2034.0,77.14454764361881
885,г.Шымкент,2034.0,41.440000000000055
353,Акмолинская,2034.0,99.47598899208833
690,Павлодарская,2035.0,833.2565118679049
606,Костанайская,2035.0,136.45503955968343
354,Акмолинская,2035.0,100.53470932232585
410,Алматинская,2035.0,12.938802889577346
662,Мангистауская,2035.0,80.02827657378737
550,Западно-Казахстанская,2035.0,8.27014103887177
914,Ұлытау,2035.0,105.0
326,Абай,2035.0,39.0
522,Жетісу,2035.0,13.08
746,Северо-Казахстанская,2035.0,67.16405228758174
802,Южно-Казахстанская,2035.0,125.76483516483586
886,г.Шымкент,2035.0,42.100000000000136
774,Туркестанская ,2035.0,8.009999999999764
466,Восточно-Казахстанская,2035.0,69.72401100791194
830,г. Алматы,2035.0,78.78173374612925
494,Жамбылская,2035.0,94.20808393532843
382,Актюбинская,2035.0,83.61190230478223
858,г. Астана,2035.0,78.13154454764344
578,Карагандинская,2035.0,-162.65022359821887
634,Кызылординская,2035.0,15.368317853457256
438,Атырауская,2035.0,225.54812521499844
718,Республика Казахстан,2035.0,1883.5068758304042
439,Атырауская,2036.0,230.0377020983833
327,Абай,2036.0,39.0
635,Кызылординская,2036.0,14.652115583075329
719,Республика Казахстан,2036.0,1856.984829251458
747,Северо-Казахстанская,2036.0,66.94248366013079
551,Западно-Казахстанская,2036.0,6.465909872721113
495,Жамбылская,2036.0,96.83223254213954
467,Восточно-Казахстанская,2036.0,66.60368077055318
411,Алматинская,2036.0,10.841382868937217
887,г.Шымкент,2036.0,42.75999999999999
775,Туркестанская ,2036.0,6.599999999999909
383,Актюбинская,2036.0,80.32149982800183
607,Костанайская,2036.0,137.537186102511
691,Павлодарская,2036.0,842.7278224974216
915,Ұлытау,2036.0,105.0
859,г. Астана,2036.0,79.1185414516683
831,г. Алматы,2036.0,81.1630546955621
355,Акмолинская,2036.0,101.59342965256292
579,Карагандинская,2036.0,-205.14351565188554
663,Мангистауская,2036.0,80.51331269349839
523,Жетісу,2036.0,13.08
803,Южно-Казахстанская,2036.0,128.8967032967039
356,Акмолинская,2037.0,102.65214998280044
608,Костанайская,2037.0,138.619332645339
720,Республика Казахстан,2037.0,1830.4627826725118
888,г.Шымкент,2037.0,43.42000000000007
552,Западно-Казахстанская,2037.0,4.661678706570456
328,Абай,2037.0,39.0
692,Павлодарская,2037.0,852.1991331269346
636,Кызылординская,2037.0,13.935913312693629
580,Карагандинская,2037.0,-247.63680770553765
440,Атырауская,2037.0,234.52727898176818
496,Жамбылская,2037.0,99.45638114895155
664,Мангистауская,2037.0,80.99834881320942
804,Южно-Казахстанская,2037.0,132.02857142857192
860,г. Астана,2037.0,80.10553835569317
524,Жетісу,2037.0,13.08
748,Северо-Казахстанская,2037.0,66.72091503267978
916,Ұлытау,2037.0,105.0
468,Восточно-Казахстанская,2037.0,63.483350533195335
412,Алматинская,2037.0,8.743962848297087
776,Туркестанская ,2037.0,5.190000000000055
384,Актюбинская,2037.0,77.03109735122143
832,г. Алматы,2037.0,83.54437564499403
665,Мангистауская,2038.0,81.48338493292056
469,Восточно-Казахстанская,2038.0,60.36302029583749
413,Алматинская,2038.0,6.646542827657868
441,Атырауская,2038.0,239.01685586515305
889,г.Шымкент,2038.0,44.080000000000155
721,Республика Казахстан,2038.0,1803.9407360935656
917,Ұлытау,2038.0,105.0
749,Северо-Казахстанская,2038.0,66.49934640522878
833,г. Алматы,2038.0,85.92569659442688
861,г. Астана,2038.0,81.0925352597178
805,Южно-Казахстанская,2038.0,135.16043956043995
385,Актюбинская,2038.0,73.74069487444194
357,Акмолинская,2038.0,103.71087031303796
693,Павлодарская,2038.0,861.6704437564513
777,Туркестанская ,2038.0,3.7799999999997453
329,Абай,2038.0,39.0
525,Жетісу,2038.0,13.08
553,Западно-Казахстанская,2038.0,2.8574475404197983
581,Карагандинская,2038.0,-290.1300997592043
497,Жамбылская,2038.0,102.08052975576265
637,Кызылординская,2038.0,13.219711042311701
609,Костанайская,2038.0,139.70147918816656
414,Алматинская,2039.0,4.5491228070177385
694,Павлодарская,2039.0,871.1417543859643
862,г. Астана,2039.0,82.07953216374267
358,Акмолинская,2039.0,104.76959064327502
386,Актюбинская,2039.0,70.45029239766154
750,Северо-Казахстанская,2039.0,66.27777777777783
722,Республика Казахстан,2039.0,1777.4186895146122
806,Южно-Казахстанская,2039.0,138.292307692308
582,Карагандинская,2039.0,-332.623391812871
330,Абай,2039.0,39.0
526,Жетісу,2039.0,13.08
918,Ұлытау,2039.0,105.0
498,Жамбылская,2039.0,104.70467836257376
442,Атырауская,2039.0,243.50643274853792
638,Кызылординская,2039.0,12.503508771929774
834,г. Алматы,2039.0,88.30701754385882
666,Мангистауская,2039.0,81.96842105263158
890,г.Шымкент,2039.0,44.74000000000001
610,Костанайская,2039.0,140.78362573099412
470,Восточно-Казахстанская,2039.0,57.24269005847873
778,Туркестанская ,2039.0,2.369999999999891
554,Западно-Казахстанская,2039.0,1.053216374269141
723,Республика Казахстан,2040.0,1750.896642935666
751,Северо-Казахстанская,2040.0,66.05620915032682
387,Актюбинская,2040.0,67.15988992088114
863,г. Астана,2040.0,83.0665290677673
919,Ұлытау,2040.0,105.0
359,Акмолинская,2040.0,105.82831097351254
891,г.Шымкент,2040.0,45.40000000000009
443,Атырауская,2040.0,247.9960096319228
667,Мангистауская,2040.0,82.45345717234261
779,Туркестанская ,2040.0,0.9600000000000364
583,Карагандинская,2040.0,-375.11668386653764
611,Костанайская,2040.0,141.86577227382168
807,Южно-Казахстанская,2040.0,141.42417582417602
555,Западно-Казахстанская,2040.0,-0.7510147918815164
499,Жамбылская,2040.0,107.32882696938486
331,Абай,2040.0,39.0
471,Восточно-Казахстанская,2040.0,54.12235982112088
639,Кызылординская,2040.0,11.787306501548073
835,г. Алматы,2040.0,90.68833849329167
695,Павлодарская,2040.0,880.613065015481
527,Жетісу,2040.0,13.08
415,Алматинская,2040.0,2.4517027863776093
332,Абай,2041.0,39.0
780,Туркестанская ,2041.0,-0.45000000000027285
836,г. Алматы,2041.0,93.0696594427236
500,Жамбылская,2041.0,109.95297557619597
584,Карагандинская,2041.0,-417.60997592018975
668,Мангистауская,2041.0,82.93849329205364
528,Жетісу,2041.0,13.08
724,Республика Казахстан,2041.0,1724.3745963567198
752,Северо-Казахстанская,2041.0,65.83464052287587
864,г. Астана,2041.0,84.05352597179217
556,Западно-Казахстанская,2041.0,-2.555245958032174
444,Атырауская,2041.0,252.48558651530766
388,Актюбинская,2041.0,63.86948744410074
612,Костанайская,2041.0,142.94791881664923
892,г.Шымкент,2041.0,46.06000000000017
360,Акмолинская,2041.0,106.88703130374961
920,Ұлытау,2041.0,105.0
808,Южно-Казахстанская,2041.0,144.55604395604405
640,Кызылординская,2041.0,11.071104231166146
696,Павлодарская,2041.0,890.084375644994
472,Восточно-Казахстанская,2041.0,51.00202958376303
416,Алматинская,2041.0,0.35428276573838957
613,Костанайская,2042.0,144.03006535947725
585,Карагандинская,2042.0,-460.1032679738564
529,Жетісу,2042.0,13.08
809,Южно-Казахстанская,2042.0,147.68791208791208
753,Северо-Казахстанская,2042.0,65.61307189542487
389,Актюбинская,2042.0,60.57908496732125
417,Алматинская,2042.0,-1.7431372549017397
781,Туркестанская ,2042.0,-1.8600000000001273
473,Восточно-Казахстанская,2042.0,47.881699346405185
501,Жамбылская,2042.0,112.57712418300707
837,г. Алматы,2042.0,95.45098039215645
865,г. Астана,2042.0,85.04052287581703
333,Абай,2042.0,39.0
725,Республика Казахстан,2042.0,1697.8525497777737
641,Кызылординская,2042.0,10.354901960784446
669,Мангистауская,2042.0,83.42352941176466
445,Атырауская,2042.0,256.97516339869253
697,Павлодарская,2042.0,899.5556862745107
893,г.Шымкент,2042.0,46.72000000000003
921,Ұлытау,2042.0,105.0
361,Акмолинская,2042.0,107.94575163398713
557,Западно-Казахстанская,2042.0,-4.359477124182831
866,г. Астана,2043.0,86.02751977984167
614,Костанайская,2043.0,145.1122119023048
558,Западно-Казахстанская,2043.0,-6.1637082903334885
894,г.Шымкент,2043.0,47.38000000000011
670,Мангистауская,2043.0,83.90856553147569
334,Абай,2043.0,39.0
782,Туркестанская ,2043.0,-3.269999999999982
474,Восточно-Казахстанская,2043.0,44.76136910904643
922,Ұлытау,2043.0,105.0
642,Кызылординская,2043.0,9.638699690402518
418,Алматинская,2043.0,-3.840557275541869
698,Павлодарская,2043.0,909.0269969040237
838,г. Алматы,2043.0,97.83230134158839
726,Республика Казахстан,2043.0,1671.3305031988275
390,Актюбинская,2043.0,57.28868249054085
810,Южно-Казахстанская,2043.0,150.8197802197801
586,Карагандинская,2043.0,-502.5965600275231
362,Акмолинская,2043.0,109.00447196422465
446,Атырауская,2043.0,261.4647402820774
754,Северо-Казахстанская,2043.0,65.39150326797392
502,Жамбылская,2043.0,115.20127278981818
530,Жетісу,2043.0,13.08
839,г. Алматы,2044.0,100.21362229102124
363,Акмолинская,2044.0,110.06319229446171
587,Карагандинская,2044.0,-545.0898520811897
811,Южно-Казахстанская,2044.0,153.95164835164906
335,Абай,2044.0,39.0
559,Западно-Казахстанская,2044.0,-7.967939456484146
867,г. Астана,2044.0,87.01451668386653
531,Жетісу,2044.0,13.08
895,г.Шымкент,2044.0,48.039999999999964
391,Актюбинская,2044.0,53.99828001376045
783,Туркестанская ,2044.0,-4.680000000000291
503,Жамбылская,2044.0,117.82542139662928
699,Павлодарская,2044.0,918.4983075335404
615,Костанайская,2044.0,146.19435844513237
755,Северо-Казахстанская,2044.0,65.16993464052291
419,Алматинская,2044.0,-5.937977296181089
447,Атырауская,2044.0,265.95431716546227
923,Ұлытау,2044.0,105.0
727,Республика Казахстан,2044.0,1644.8084566198813
475,Восточно-Казахстанская,2044.0,41.64103887168858
671,Мангистауская,2044.0,84.39360165118671
643,Кызылординская,2044.0,8.92249742002059
924,Ұлытау,2045.0,105.0
504,Жамбылская,2045.0,120.44957000344039
364,Акмолинская,2045.0,111.12191262469923
840,г. Алматы,2045.0,102.59494324045318
588,Карагандинская,2045.0,-587.5831441348564
756,Северо-Казахстанская,2045.0,64.94836601307196
420,Алматинская,2045.0,-8.035397316821218
448,Атырауская,2045.0,270.44389404884714
532,Жетісу,2045.0,13.08
700,Павлодарская,2045.0,927.9696181630534
812,Южно-Казахстанская,2045.0,157.0835164835171
728,Республика Казахстан,2045.0,1618.2864100409279
336,Абай,2045.0,39.0
476,Восточно-Казахстанская,2045.0,38.52070863433073
896,г.Шымкент,2045.0,48.700000000000045
672,Мангистауская,2045.0,84.87863777089785
392,Актюбинская,2045.0,50.70787753698005
784,Туркестанская ,2045.0,-6.0900000000001455
560,Западно-Казахстанская,2045.0,-9.772170622634803
644,Кызылординская,2045.0,8.20629514963889
868,г. Астана,2045.0,88.00151358789117
616,Костанайская,2045.0,147.27650498795992
561,Западно-Казахстанская,2046.0,-11.57640178878546
337,Абай,2046.0,39.0
729,Республика Казахстан,2046.0,1591.7643634619817
533,Жетісу,2046.0,13.08
701,Павлодарская,2046.0,937.44092879257
673,Мангистауская,2046.0,85.36367389060888
841,г. Алматы,2046.0,104.97626418988602
869,г. Астана,2046.0,88.98851049191603
897,г.Шымкент,2046.0,49.36000000000013
477,Восточно-Казахстанская,2046.0,35.40037839697288
449,Атырауская,2046.0,274.933470932232
645,Кызылординская,2046.0,7.490092879256963
365,Акмолинская,2046.0,112.18063295493675
393,Актюбинская,2046.0,47.41747506020056
757,Северо-Казахстанская,2046.0,64.72679738562096
617,Костанайская,2046.0,148.35865153078794
785,Туркестанская ,2046.0,-7.5
421,Алматинская,2046.0,-10.132817337461347
813,Южно-Казахстанская,2046.0,160.21538461538512
589,Карагандинская,2046.0,-630.0764361885085
925,Ұлытау,2046.0,105.0
505,Жамбылская,2046.0,123.07371861025149
702,Павлодарская,2047.0,946.9122394220831
534,Жетісу,2047.0,13.08
506,Жамбылская,2047.0,125.6978672170626
338,Абай,2047.0,39.0
758,Северо-Казахстанская,2047.0,64.50522875817
646,Кызылординская,2047.0,6.773890608875263
590,Карагандинская,2047.0,-672.5697282421752
926,Ұлытау,2047.0,105.0
814,Южно-Казахстанская,2047.0,163.34725274725315
674,Мангистауская,2047.0,85.8487100103199
870,г. Астана,2047.0,89.97550739594067
450,Атырауская,2047.0,279.4230478156169
422,Алматинская,2047.0,-12.230237358100567
478,Восточно-Казахстанская,2047.0,32.280048159614125
730,Республика Казахстан,2047.0,1565.2423168830355
562,Западно-Казахстанская,2047.0,-13.380632954936118
842,г. Алматы,2047.0,107.35758513931796
898,г.Шымкент,2047.0,50.01999999999998
366,Акмолинская,2047.0,113.23935328517382
786,Туркестанская ,2047.0,-8.91000000000031
618,Костанайская,2047.0,149.4407980736155
394,Актюбинская,2047.0,44.12707258342016
395,Актюбинская,2048.0,40.83667010663976
647,Кызылординская,2048.0,6.057688338493335
899,г.Шымкент,2048.0,50.680000000000064
479,Восточно-Казахстанская,2048.0,29.159717922256277
339,Абай,2048.0,39.0
507,Жамбылская,2048.0,128.3220158238737
675,Мангистауская,2048.0,86.33374613003093
563,Западно-Казахстанская,2048.0,-15.184864121086775
787,Туркестанская ,2048.0,-10.320000000000164
535,Жетісу,2048.0,13.08
703,Павлодарская,2048.0,956.3835500515997
843,г. Алматы,2048.0,109.73890608875081
815,Южно-Казахстанская,2048.0,166.47912087912118
367,Акмолинская,2048.0,114.29807361541134
451,Атырауская,2048.0,283.91262469900175
731,Республика Казахстан,2048.0,1538.7202703040894
927,Ұлытау,2048.0,105.0
619,Костанайская,2048.0,150.52294461644306
591,Карагандинская,2048.0,-715.0630202958419
423,Алматинская,2048.0,-14.327657378740696
871,г. Астана,2048.0,90.96250429996553
759,Северо-Казахстанская,2048.0,64.283660130719
508,Жамбылская,2049.0,130.9461644306848
732,Республика Казахстан,2049.0,1512.1982237251432
900,г.Шымкент,2049.0,51.340000000000146
788,Туркестанская ,2049.0,-11.730000000000018
368,Акмолинская,2049.0,115.35679394564886
620,Костанайская,2049.0,151.60509115927061
396,Актюбинская,2049.0,37.54626762985936
844,г. Алматы,2049.0,112.12022703818366
564,Западно-Казахстанская,2049.0,-16.989095287237433
676,Мангистауская,2049.0,86.81878224974196
872,г. Астана,2049.0,91.9495012039904
480,Восточно-Казахстанская,2049.0,26.03938768489843
816,Южно-Казахстанская,2049.0,169.61098901098921
648,Кызылординская,2049.0,5.341486068111408
928,Ұлытау,2049.0,105.0
452,Атырауская,2049.0,288.4022015823866
536,Жетісу,2049.0,13.08
340,Абай,2049.0,39.0
760,Северо-Казахстанская,2049.0,64.062091503268
592,Карагандинская,2049.0,-757.5563123495085
704,Павлодарская,2049.0,965.8548606811164
424,Алматинская,2049.0,-16.425077399380825
425,Алматинская,2050.0,-18.522497420020045
341,Абай,2050.0,39.0
565,Западно-Казахстанская,2050.0,-18.79332645338809
593,Карагандинская,2050.0,-800.0496044031752
509,Жамбылская,2050.0,133.5703130374959
621,Костанайская,2050.0,152.68723770209817
649,Кызылординская,2050.0,4.625283797729708
481,Восточно-Казахстанская,2050.0,22.91905744753967
677,Мангистауская,2050.0,87.30381836945298
453,Атырауская,2050.0,292.8917784657715
901,г.Шымкент,2050.0,52.0
705,Павлодарская,2050.0,975.3261713106294
537,Жетісу,2050.0,13.08
761,Северо-Казахстанская,2050.0,63.840522875817044
789,Туркестанская ,2050.0,-13.140000000000327
397,Актюбинская,2050.0,34.25586515307896
817,Южно-Казахстанская,2050.0,172.74285714285725
369,Акмолинская,2050.0,116.41551427588593
845,г. Алматы,2050.0,114.5015479876156
873,г. Астана,2050.0,92.93649810801503
733,Республика Казахстан,2050.0,1485.676177146197
929,Ұлытау,2050.0,105.0
